<?xml version="1.0" encoding="UTF-8"?>
<project-private xmlns="http://www.netbeans.org/ns/project-private/1">
    <editor-bookmarks xmlns="http://www.netbeans.org/ns/editor-bookmarks/1"/>
    <open-files xmlns="http://www.netbeans.org/ns/projectui-open-files/1">
        <file>file:/C:/Users/helder/Documents/NetBeansProjects/CampeonatoAppComSingletonFacadeFactory/src/database/factory/ConexaoFactory.java</file>
        <file>file:/C:/Users/helder/Documents/NetBeansProjects/CampeonatoAppComSingletonFacadeFactory/src/database/factory/ConexaoBDPost.java</file>
        <file>file:/C:/Users/helder/Documents/NetBeansProjects/CampeonatoAppComSingletonFacadeFactory/src/view/FormConsultarTimes.java</file>
        <file>file:/C:/Users/helder/Documents/NetBeansProjects/CampeonatoAppComSingletonFacadeFactory/src/business/TimeBS.java</file>
    </open-files>
</project-private>
